{
    "1a": [
        {
            "analysis_time": 9.792191641671316e-06,
            "encoding_time": 0.12519770009177073,
            "inference_time": 0.015716893332345144
        }
    ],
    "1b": [
        {
            "analysis_time": 8.719308035714285e-06,
            "encoding_time": 0.11714211532047816,
            "inference_time": 0.01069343090057373
        }
    ],
    "1c": [
        {
            "analysis_time": 8.446829659598215e-06,
            "encoding_time": 0.12101718357631139,
            "inference_time": 0.011035118784223284
        }
    ],
    "1d": [
        {
            "analysis_time": 1.0473387581961496e-05,
            "encoding_time": 0.11955809593200684,
            "inference_time": 0.011421527181352888
        }
    ],
    "2a": [
        {
            "analysis_time": 9.758131844656809e-06,
            "encoding_time": 0.12243541649409703,
            "inference_time": 0.01077171734401158
        }
    ],
    "2b": [
        {
            "analysis_time": 1.1120523725237166e-05,
            "encoding_time": 0.12395267827170235,
            "inference_time": 0.01542198657989502
        }
    ],
    "2c": [
        {
            "analysis_time": 1.0779925755092076e-05,
            "encoding_time": 0.12376352718898229,
            "inference_time": 0.011644346373421805
        }
    ],
    "2d": [
        {
            "analysis_time": 1.0916164943150111e-05,
            "encoding_time": 0.13452659334455216,
            "inference_time": 0.009928056171962194
        }
    ],
    "3a": [
        {
            "analysis_time": 9.298324584960938e-06,
            "encoding_time": 0.1054564118385315,
            "inference_time": 0.008433759212493896
        }
    ],
    "3b": [
        {
            "analysis_time": 9.47713851928711e-06,
            "encoding_time": 0.11536213755607605,
            "inference_time": 0.008055418729782104
        }
    ],
    "3c": [
        {
            "analysis_time": 9.447336196899414e-06,
            "encoding_time": 0.11334893107414246,
            "inference_time": 0.008521735668182373
        }
    ],
    "4a": [
        {
            "analysis_time": 9.672982352120535e-06,
            "encoding_time": 0.1374479361942836,
            "inference_time": 0.010478956358773368
        }
    ],
    "4b": [
        {
            "analysis_time": 1.0541507175990514e-05,
            "encoding_time": 0.15103566646575928,
            "inference_time": 0.015321884836469377
        }
    ],
    "4c": [
        {
            "analysis_time": 1.0660716465541295e-05,
            "encoding_time": 0.14575975281851633,
            "inference_time": 0.010678580829075404
        }
    ],
    "5a": [
        {
            "analysis_time": 1.0337148393903459e-05,
            "encoding_time": 0.14880127566201345,
            "inference_time": 0.010040334292820521
        }
    ],
    "5b": [
        {
            "analysis_time": 1.1086463928222656e-05,
            "encoding_time": 0.1402301788330078,
            "inference_time": 0.011662278856549944
        }
    ],
    "5c": [
        {
            "analysis_time": 9.979520525251115e-06,
            "encoding_time": 0.1516073260988508,
            "inference_time": 0.010324256760733468
        }
    ],
    "6a": [
        {
            "analysis_time": 1.0473387581961496e-05,
            "encoding_time": 0.13910605226244246,
            "inference_time": 0.010807360921587263
        }
    ],
    "6b": [
        {
            "analysis_time": 1.1222703116280691e-05,
            "encoding_time": 0.1330005441393171,
            "inference_time": 0.016687512397766113
        }
    ],
    "6c": [
        {
            "analysis_time": 1.052447727748326e-05,
            "encoding_time": 0.1305490561894008,
            "inference_time": 0.011142611503601074
        }
    ],
    "6d": [
        {
            "analysis_time": 1.1256762913295201e-05,
            "encoding_time": 0.14133834838867188,
            "inference_time": 0.00984365599496024
        }
    ],
    "6e": [
        {
            "analysis_time": 1.1597360883440291e-05,
            "encoding_time": 0.1438976526260376,
            "inference_time": 0.00980426583971296
        }
    ],
    "6f": [
        {
            "analysis_time": 1.1035374232700893e-05,
            "encoding_time": 0.14081338473728724,
            "inference_time": 0.01041325501033238
        }
    ],
    "7a": [
        {
            "analysis_time": 1.7933729218273628e-05,
            "encoding_time": 0.3082986285046833,
            "inference_time": 0.019778591830555987
        }
    ],
    "7b": [
        {
            "analysis_time": 1.8521053035084795e-05,
            "encoding_time": 0.30755144503058457,
            "inference_time": 0.020671353107545434
        }
    ],
    "7c": [
        {
            "analysis_time": 1.7657512571753525e-05,
            "encoding_time": 0.3128469252004856,
            "inference_time": 0.02003245818905714
        }
    ],
    "8a": [
        {
            "analysis_time": 1.4810001148897059e-05,
            "encoding_time": 0.2271447695937811,
            "inference_time": 0.01483448346455892
        }
    ],
    "8b": [
        {
            "analysis_time": 1.4660405177696079e-05,
            "encoding_time": 0.22906976120144712,
            "inference_time": 0.014428769840913661
        }
    ],
    "8c": [
        {
            "analysis_time": 1.4258366005093444e-05,
            "encoding_time": 0.19724760803521849,
            "inference_time": 0.01409602632709578
        }
    ],
    "8d": [
        {
            "analysis_time": 1.4478085087794884e-05,
            "encoding_time": 0.19873455926483752,
            "inference_time": 0.014334571127798044
        }
    ],
    "9a": [
        {
            "analysis_time": 1.4767502293442234e-05,
            "encoding_time": 0.25569177878023397,
            "inference_time": 0.01623705661658085
        }
    ],
    "9b": [
        {
            "analysis_time": 1.5971636531328914e-05,
            "encoding_time": 0.26293678235526036,
            "inference_time": 0.015805752590449168
        }
    ],
    "9c": [
        {
            "analysis_time": 1.4938489355222143e-05,
            "encoding_time": 0.2559726623573689,
            "inference_time": 0.01497108286077326
        }
    ],
    "9d": [
        {
            "analysis_time": 1.3642840915256076e-05,
            "encoding_time": 0.2566535545117927,
            "inference_time": 0.01606552046958846
        }
    ],
    "10a": [
        {
            "analysis_time": 1.1594399161960768e-05,
            "encoding_time": 0.1953473764917125,
            "inference_time": 0.012941780297652535
        }
    ],
    "10b": [
        {
            "analysis_time": 1.140781070875085e-05,
            "encoding_time": 0.189052851303764,
            "inference_time": 0.012665033340454102
        }
    ],
    "10c": [
        {
            "analysis_time": 1.0594077732252037e-05,
            "encoding_time": 0.1885202345640763,
            "inference_time": 0.013450513715329378
        }
    ],
    "11a": [
        {
            "analysis_time": 1.4490239760454963e-05,
            "encoding_time": 0.28251559033113366,
            "inference_time": 0.017694563024184283
        }
    ],
    "11b": [
        {
            "analysis_time": 1.4739878037396599e-05,
            "encoding_time": 0.29739347345688766,
            "inference_time": 0.018031821531407973
        }
    ],
    "11c": [
        {
            "analysis_time": 1.4509874231675092e-05,
            "encoding_time": 0.28085602592019476,
            "inference_time": 0.01743171355303596
        }
    ],
    "11d": [
        {
            "analysis_time": 1.4369628008674173e-05,
            "encoding_time": 0.27424789597006405,
            "inference_time": 0.017319539014030907
        }
    ],
    "12a": [
        {
            "analysis_time": 1.3592663933249082e-05,