{
    "1a": [
        {
            "analysis_time": 1.0916164943150111e-05,
            "encoding_time": 0.12795707157679967,
            "inference_time": 0.008680122239249093
        }
    ],
    "1b": [
        {
            "analysis_time": 1.0609626770019531e-05,
            "encoding_time": 0.12996905190604074,
            "inference_time": 0.006889786039079938
        }
    ],
    "1c": [
        {
            "analysis_time": 9.008816310337611e-06,
            "encoding_time": 0.11467082159859794,
            "inference_time": 0.00667590754372733
        }
    ],
    "1d": [
        {
            "analysis_time": 9.979520525251115e-06,
            "encoding_time": 0.12641642774854386,
            "inference_time": 0.00706587518964495
        }
    ],
    "2a": [
        {
            "analysis_time": 9.962490626743861e-06,
            "encoding_time": 0.11160155705043248,
            "inference_time": 0.006443721907479423
        }
    ],
    "2b": [
        {
            "analysis_time": 9.84328133719308e-06,
            "encoding_time": 0.11551233700343541,
            "inference_time": 0.006661193711417062
        }
    ],
    "2c": [
        {
            "analysis_time": 1.0320118495396205e-05,
            "encoding_time": 0.12136200496128627,
            "inference_time": 0.0064929383141653875
        }
    ],
    "2d": [
        {
            "analysis_time": 1.0098729814801897e-05,
            "encoding_time": 0.10435143538883754,
            "inference_time": 0.005807587078639439
        }
    ],
    "3a": [
        {
            "analysis_time": 8.761882781982422e-06,
            "encoding_time": 0.11262127757072449,
            "inference_time": 0.008489847183227539
        }
    ],
    "3b": [
        {
            "analysis_time": 7.539987564086914e-06,
            "encoding_time": 0.09986060857772827,
            "inference_time": 0.005302488803863525
        }
    ],
    "3c": [
        {
            "analysis_time": 8.285045623779297e-06,
            "encoding_time": 0.09958568215370178,
            "inference_time": 0.005577683448791504
        }
    ],
    "4a": [
        {
            "analysis_time": 1.1393002101353236e-05,
            "encoding_time": 0.12550551550728933,
            "inference_time": 0.007845946720668249
        }
    ],
    "4b": [
        {
            "analysis_time": 9.809221540178572e-06,
            "encoding_time": 0.13056697164263045,
            "inference_time": 0.008456162043980189
        }
    ],
    "4c": [
        {
            "analysis_time": 9.519713265555246e-06,
            "encoding_time": 0.13574584892817906,
            "inference_time": 0.006626180240086147
        }
    ],
    "5a": [
        {
            "analysis_time": 1.1239733014787947e-05,
            "encoding_time": 0.14585392815726145,
            "inference_time": 0.007441980498177665
        }
    ],
    "5b": [
        {
            "analysis_time": 1.0439327784946986e-05,
            "encoding_time": 0.13854634761810303,
            "inference_time": 0.006357244082859584
        }
    ],
    "5c": [
        {
            "analysis_time": 1.0286058698381697e-05,
            "encoding_time": 0.12423299040113177,
            "inference_time": 0.006854040282113212
        }
    ],
    "6a": [
        {
            "analysis_time": 9.57080296107701e-06,
            "encoding_time": 0.11577069759368896,
            "inference_time": 0.006826043128967285
        }
    ],
    "6b": [
        {
            "analysis_time": 9.519713265555246e-06,
            "encoding_time": 0.11887771742684501,
            "inference_time": 0.007247311728341239
        }
    ],
    "6c": [
        {
            "analysis_time": 9.911400931222098e-06,
            "encoding_time": 0.11440489973340716,
            "inference_time": 0.007523502622331891
        }
    ],
    "6d": [
        {
            "analysis_time": 1.0541507175990514e-05,
            "encoding_time": 0.12777832576206752,
            "inference_time": 0.006448541368756976
        }
    ],
    "6e": [
        {
            "analysis_time": 1.0916164943150111e-05,
            "encoding_time": 0.13021688801901682,
            "inference_time": 0.006230950355529785
        }
    ],
    "6f": [
        {
            "analysis_time": 1.083101545061384e-05,
            "encoding_time": 0.12722531386784144,
            "inference_time": 0.007179686001368931
        }
    ],
    "7a": [
        {
            "analysis_time": 1.8587926538979136e-05,
            "encoding_time": 0.29325391025078007,
            "inference_time": 0.011705133973098383
        }
    ],
    "7b": [
        {
            "analysis_time": 1.801514044040587e-05,
            "encoding_time": 0.29845117359626583,
            "inference_time": 0.009047150611877441
        }
    ],
    "7c": [
        {
            "analysis_time": 1.890194125291778e-05,
            "encoding_time": 0.3321576525525349,
            "inference_time": 0.010510235297970655
        }
    ],
    "8a": [
        {
            "analysis_time": 1.3856326832490809e-05,
            "encoding_time": 0.20628795904271743,
            "inference_time": 0.008856675204108743
        }
    ],
    "8b": [
        {
            "analysis_time": 1.2336992749980851e-05,
            "encoding_time": 0.21723145597121296,
            "inference_time": 0.008938794042549882
        }
    ],
    "8c": [
        {
            "analysis_time": 1.5155941832299326e-05,
            "encoding_time": 0.21401488079744227,
            "inference_time": 0.009395431069766773
        }
    ],
    "8d": [
        {
            "analysis_time": 1.5099843343098959e-05,
            "encoding_time": 0.21535877620472627,
            "inference_time": 0.008880362791173598
        }
    ],
    "9a": [
        {
            "analysis_time": 1.5653745092526832e-05,
            "encoding_time": 0.26413573640765564,
            "inference_time": 0.01024131341414018
        }
    ],
    "9b": [
        {
            "analysis_time": 1.5477941493795375e-05,
            "encoding_time": 0.24859367235742433,
            "inference_time": 0.009361430852100103
        }
    ],
    "9c": [
        {
            "analysis_time": 1.4526675445864899e-05,
            "encoding_time": 0.24049910150393092,
            "inference_time": 0.008584417478002683
        }
    ],
    "9d": [
        {
            "analysis_time": 1.2840887512823549e-05,
            "encoding_time": 0.23303505627795904,
            "inference_time": 0.008110164391874062
        }
    ],
    "10a": [
        {
            "analysis_time": 1.066663990850034e-05,
            "encoding_time": 0.18656599003335703,
            "inference_time": 0.0074852601341579275
        }
    ],
    "10b": [
        {
            "analysis_time": 1.0423038316809613e-05,
            "encoding_time": 0.18941748142242432,
            "inference_time": 0.007152645484260891
        }
    ],
    "10c": [
        {
            "analysis_time": 1.023126685101053e-05,
            "encoding_time": 0.1745725559151691,
            "inference_time": 0.007360551668250043
        }
    ],
    "11a": [
        {
            "analysis_time": 1.4411701875574448e-05,
            "encoding_time": 0.26035722003263584,
            "inference_time": 0.009846042184268726
        }
    ],
    "11b": [
        {
            "analysis_time": 1.468658447265625e-05,
            "encoding_time": 0.2709439726436839,
            "inference_time": 0.009344799378338983
        }
    ],
    "11c": [
        {
            "analysis_time": 1.4414506800034467e-05,
            "encoding_time": 0.2877886267269359,
            "inference_time": 0.009911424973431756
        }
    ],
    "11d": [
        {
            "analysis_time": 1.4588412116555606e-05,
            "encoding_time": 0.27749833780176497,
            "inference_time": 0.008884028827442842
        }
    ],
    "12a": [
        {
            "analysis_time": 1.3763764325310202e-05,