{
    "1a": [
        {
            "analysis_time": 7.62939453125e-06,
            "encoding_time": 0.0561931984765189,
            "inference_time": 0.008025850568498884
        }
    ],
    "1b": [
        {
            "analysis_time": 7.493155343191964e-06,
            "encoding_time": 0.048103468758719306,
            "inference_time": 0.0030019964490618023
        }
    ],
    "1c": [
        {
            "analysis_time": 8.651188441685268e-06,
            "encoding_time": 0.05043923854827881,
            "inference_time": 0.0030548913138253348
        }
    ],
    "1d": [
        {
            "analysis_time": 7.339886256626674e-06,
            "encoding_time": 0.05124783515930176,
            "inference_time": 0.0025588274002075195
        }
    ],
    "2a": [
        {
            "analysis_time": 9.707042149135045e-06,
            "encoding_time": 0.06156681265149798,
            "inference_time": 0.0030970743724278043
        }
    ],
    "2b": [
        {
            "analysis_time": 1.0251998901367188e-05,
            "encoding_time": 0.06137445994785854,
            "inference_time": 0.0035140344074794222
        }
    ],
    "2c": [
        {
            "analysis_time": 1.014981951032366e-05,
            "encoding_time": 0.06037381717136928,
            "inference_time": 0.002986533301217215
        }
    ],
    "2d": [
        {
            "analysis_time": 8.021082196916853e-06,
            "encoding_time": 0.05350581237248012,
            "inference_time": 0.0027822766985212055
        }
    ],
    "3a": [
        {
            "analysis_time": 9.238719940185547e-06,
            "encoding_time": 0.04277464747428894,
            "inference_time": 0.0030601918697357178
        }
    ],
    "3b": [
        {
            "analysis_time": 8.851289749145508e-06,
            "encoding_time": 0.04562878608703613,
            "inference_time": 0.005340486764907837
        }
    ],
    "3c": [
        {
            "analysis_time": 8.374452590942383e-06,
            "encoding_time": 0.04229119420051575,
            "inference_time": 0.0027115046977996826
        }
    ],
    "4a": [
        {
            "analysis_time": 1.0234969002859934e-05,
            "encoding_time": 0.06143052237374442,
            "inference_time": 0.003106100218636649
        }
    ],
    "4b": [
        {
            "analysis_time": 9.894371032714844e-06,
            "encoding_time": 0.051769682339259555,
            "inference_time": 0.0027336052485874723
        }
    ],
    "4c": [
        {
            "analysis_time": 9.485653468540736e-06,
            "encoding_time": 0.05836284160614014,
            "inference_time": 0.0029167447771344867
        }
    ],
    "5a": [
        {
            "analysis_time": 8.174351283482143e-06,
            "encoding_time": 0.04694843292236328,
            "inference_time": 0.002906748226710728
        }
    ],
    "5b": [
        {
            "analysis_time": 8.634158543178014e-06,
            "encoding_time": 0.04526778629847935,
            "inference_time": 0.003002899033682687
        }
    ],
    "5c": [
        {
            "analysis_time": 8.514949253627232e-06,
            "encoding_time": 0.04741816861288888,
            "inference_time": 0.0028666257858276367
        }
    ],
    "6a": [
        {
            "analysis_time": 8.651188441685268e-06,
            "encoding_time": 0.054333431380135674,
            "inference_time": 0.0028616360255650113
        }
    ],
    "6b": [
        {
            "analysis_time": 9.604862758091518e-06,
            "encoding_time": 0.05880853107997349,
            "inference_time": 0.002968089921133859
        }
    ],
    "6c": [
        {
            "analysis_time": 1.0694776262555803e-05,
            "encoding_time": 0.06130908216748919,
            "inference_time": 0.002900293895176479
        }
    ],
    "6d": [
        {
            "analysis_time": 1.0388238089425223e-05,
            "encoding_time": 0.053526418549673896,
            "inference_time": 0.0031298228672572543
        }
    ],
    "6e": [
        {
            "analysis_time": 7.867813110351562e-06,
            "encoding_time": 0.0513678959437779,
            "inference_time": 0.0026576178414481027
        }
    ],
    "6f": [
        {
            "analysis_time": 9.076935904366629e-06,
            "encoding_time": 0.05178896018436977,
            "inference_time": 0.0030893938882010324
        }
    ],
    "7a": [
        {
            "analysis_time": 1.72969771594536e-05,
            "encoding_time": 0.15432509852618706,
            "inference_time": 0.0045190846047750335
        }
    ],
    "7b": [
        {
            "analysis_time": 1.544196431229754e-05,
            "encoding_time": 0.15310873054876561,
            "inference_time": 0.004459660227705792
        }
    ],
    "7c": [
        {
            "analysis_time": 1.8762379157833935e-05,
            "encoding_time": 0.1823767859761308,
            "inference_time": 0.007405810239838391
        }
    ],
    "8a": [
        {
            "analysis_time": 1.3917100195791208e-05,
            "encoding_time": 0.11977624893188477,
            "inference_time": 0.0068359608743705
        }
    ],
    "8b": [
        {
            "analysis_time": 1.4211617264093138e-05,
            "encoding_time": 0.11644848187764485,
            "inference_time": 0.00631109405966366
        }
    ],
    "8c": [
        {
            "analysis_time": 1.5352286544500612e-05,
            "encoding_time": 0.13076040324042826,
            "inference_time": 0.0050676149480483115
        }
    ],
    "8d": [
        {
            "analysis_time": 1.6175064386106005e-05,
            "encoding_time": 0.13561065524232155,
            "inference_time": 0.006287733713785808
        }
    ],
    "9a": [
        {
            "analysis_time": 1.59909026791351e-05,
            "encoding_time": 0.14154382426329334,
            "inference_time": 0.005114307307233714
        }
    ],
    "9b": [
        {
            "analysis_time": 1.575970890546086e-05,
            "encoding_time": 0.13786679325681744,
            "inference_time": 0.005838348407938023
        }
    ],
    "9c": [
        {
            "analysis_time": 1.4032980408331361e-05,
            "encoding_time": 0.14618971371891523,
            "inference_time": 0.004444623234296086
        }
    ],
    "9d": [
        {
            "analysis_time": 1.2874603271484375e-05,
            "encoding_time": 0.14553312821821732,
            "inference_time": 0.005054384771019521
        }
    ],
    "10a": [
        {
            "analysis_time": 9.909920070482338e-06,
            "encoding_time": 0.10203248521556026,
            "inference_time": 0.004537375076957371
        }
    ],
    "10b": [
        {
            "analysis_time": 1.0272730951723846e-05,
            "encoding_time": 0.09852656074192213,
            "inference_time": 0.003497227378513502
        }
    ],
    "10c": [
        {
            "analysis_time": 9.474547012992527e-06,
            "encoding_time": 0.09829614991727083,
            "inference_time": 0.003485627796338952
        }
    ],
    "11a": [
        {
            "analysis_time": 1.3937669641831342e-05,
            "encoding_time": 0.1510518102084889,
            "inference_time": 0.0045926570892333984
        }
    ],
    "11b": [
        {
            "analysis_time": 1.4178893145392922e-05,
            "encoding_time": 0.1527903304380529,
            "inference_time": 0.0049715070163502415
        }
    ],
    "11c": [
        {
            "analysis_time": 1.334863550522748e-05,
            "encoding_time": 0.14858547378988826,
            "inference_time": 0.004886529024909525
        }
    ],
    "11d": [
        {
            "analysis_time": 1.2221055872300092e-05,
            "encoding_time": 0.13919860615449794,
            "inference_time": 0.004637533075669232
        }
    ],
    "12a": [
        {
            "analysis_time": 1.368242151596967e-05,