{
    "model": "tree_conv",
    "1a": [
        {
            "analysis_time": 1.3215201241629465e-05,
            "encoding_time": 0.12818316050938197,
            "inference_time": 0.010255779538835798
        }
    ],
    "1b": [
        {
            "analysis_time": 1.0677746364048549e-05,
            "encoding_time": 0.1265913418361119,
            "inference_time": 0.007332989147731236
        }
    ],
    "1c": [
        {
            "analysis_time": 9.962490626743861e-06,
            "encoding_time": 0.11853654044015068,
            "inference_time": 0.007313813482012067
        }
    ],
    "1d": [
        {
            "analysis_time": 1.0405267987932478e-05,
            "encoding_time": 0.12338260241917201,
            "inference_time": 0.006973930767604283
        }
    ],
    "2a": [
        {
            "analysis_time": 1.0865075247628348e-05,
            "encoding_time": 0.09723247800554548,
            "inference_time": 0.007205077580043248
        }
    ],
    "2b": [
        {
            "analysis_time": 1.1529241289411272e-05,
            "encoding_time": 0.10914741243634905,
            "inference_time": 0.007171988487243652
        }
    ],
    "2c": [
        {
            "analysis_time": 1.0950224740164621e-05,
            "encoding_time": 0.0984933716910226,
            "inference_time": 0.006752627236502511
        }
    ],
    "2d": [
        {
            "analysis_time": 1.0711806161063059e-05,
            "encoding_time": 0.1111541645867484,
            "inference_time": 0.006434781210763114
        }
    ],
    "3a": [
        {
            "analysis_time": 9.268522262573242e-06,
            "encoding_time": 0.10097292065620422,
            "inference_time": 0.006794661283493042
        }
    ],
    "3b": [
        {
            "analysis_time": 9.268522262573242e-06,
            "encoding_time": 0.11206448078155518,
            "inference_time": 0.006023287773132324
        }
    ],
    "3c": [
        {
            "analysis_time": 9.179115295410156e-06,
            "encoding_time": 0.1086069643497467,
            "inference_time": 0.005908668041229248
        }
    ],
    "4a": [
        {
            "analysis_time": 1.0643686567034041e-05,
            "encoding_time": 0.13568500110081264,
            "inference_time": 0.00672527721949986
        }
    ],
    "4b": [
        {
            "analysis_time": 1.0609626770019531e-05,
            "encoding_time": 0.14369232313973562,
            "inference_time": 0.006396208490644183
        }
    ],
    "4c": [
        {
            "analysis_time": 1.0984284537179129e-05,
            "encoding_time": 0.14595241206032888,
            "inference_time": 0.006366729736328125
        }
    ],
    "5a": [
        {
            "analysis_time": 1.0405267987932478e-05,
            "encoding_time": 0.1479546512876238,
            "inference_time": 0.006933791296822684
        }
    ],
    "5b": [
        {
            "analysis_time": 1.0592596871512277e-05,
            "encoding_time": 0.1421908140182495,
            "inference_time": 0.006232074328831264
        }
    ],
    "5c": [
        {
            "analysis_time": 1.049041748046875e-05,
            "encoding_time": 0.1463275466646467,
            "inference_time": 0.006575022424970355
        }
    ],
    "6a": [
        {
            "analysis_time": 1.1222703116280691e-05,
            "encoding_time": 0.14026994364602224,
            "inference_time": 0.006699391773768834
        }
    ],
    "6b": [
        {
            "analysis_time": 1.1358942304338728e-05,
            "encoding_time": 0.13655667645590647,
            "inference_time": 0.0063239336013793945
        }
    ],
    "6c": [
        {
            "analysis_time": 1.0558537074497768e-05,
            "encoding_time": 0.12031498977116176,
            "inference_time": 0.0060296739850725445
        }
    ],
    "6d": [
        {
            "analysis_time": 1.0882105146135603e-05,
            "encoding_time": 0.10624839578356061,
            "inference_time": 0.0060427699770246234
        }
    ],
    "6e": [
        {
            "analysis_time": 1.0813985552106584e-05,
            "encoding_time": 0.10578201498304095,
            "inference_time": 0.006082977567400251
        }
    ],
    "6f": [
        {
            "analysis_time": 1.083101545061384e-05,
            "encoding_time": 0.10463518755776542,
            "inference_time": 0.006249547004699707
        }
    ],
    "7a": [
        {
            "analysis_time": 1.905604106623952e-05,
            "encoding_time": 0.2874262710896934,
            "inference_time": 0.009298246081282453
        }
    ],
    "7b": [
        {
            "analysis_time": 1.904731843529678e-05,
            "encoding_time": 0.2787609042190924,
            "inference_time": 0.008323486258343952
        }
    ],
    "7c": [
        {
            "analysis_time": 1.916362018119998e-05,
            "encoding_time": 0.28371458809550215,
            "inference_time": 0.009099166567732648
        }
    ],
    "8a": [
        {
            "analysis_time": 1.49689468682981e-05,
            "encoding_time": 0.1913631242864272,
            "inference_time": 0.007984217475442326
        }
    ],
    "8b": [
        {
            "analysis_time": 1.5155941832299326e-05,
            "encoding_time": 0.21047473421283797,
            "inference_time": 0.007682206583958046
        }
    ],
    "8c": [
        {
            "analysis_time": 1.629193623860677e-05,
            "encoding_time": 0.1795161378149893,
            "inference_time": 0.008349427989884918
        }
    ],
    "8d": [
        {
            "analysis_time": 1.5567330753102023e-05,
            "encoding_time": 0.18208991780000575,
            "inference_time": 0.008119424184163412
        }
    ],
    "9a": [
        {
            "analysis_time": 1.735398263642282e-05,
            "encoding_time": 0.2508883668918802,
            "inference_time": 0.008369147175490255
        }
    ],
    "9b": [
        {
            "analysis_time": 1.747439606021149e-05,
            "encoding_time": 0.24891710040545223,
            "inference_time": 0.008525650910656862
        }
    ],
    "9c": [
        {
            "analysis_time": 1.553814820568971e-05,
            "encoding_time": 0.23083243948040585,
            "inference_time": 0.00864092990605518
        }
    ],
    "9d": [
        {
            "analysis_time": 1.4081145777846828e-05,
            "encoding_time": 0.22649236399718006,
            "inference_time": 0.007909413540002071
        }
    ],
    "10a": [
        {
            "analysis_time": 1.1558118073836617e-05,
            "encoding_time": 0.16957252958546515,
            "inference_time": 0.007357203442117442
        }
    ],
    "10b": [
        {
            "analysis_time": 1.1501104935355809e-05,
            "encoding_time": 0.15806372269340183,
            "inference_time": 0.006832242012023926
        }
    ],
    "10c": [
        {
            "analysis_time": 1.149073891017748e-05,
            "encoding_time": 0.1602331140766973,
            "inference_time": 0.006868911826092264
        }
    ],
    "11a": [
        {
            "analysis_time": 1.5547696281881895e-05,
            "encoding_time": 0.2605510627522188,
            "inference_time": 0.00879206657409668
        }
    ],
    "11b": [
        {
            "analysis_time": 1.5889897066004135e-05,
            "encoding_time": 0.26371682952432074,
            "inference_time": 0.008910827075733858
        }
    ],
    "11c": [
        {
            "analysis_time": 1.6268561868106617e-05,
            "encoding_time": 0.29160693112541647,
            "inference_time": 0.009549244712380802
        }
    ],
    "11d": [
        {
            "analysis_time": 1.5685137580422793e-05,
            "encoding_time": 0.2760899403515984,
            "inference_time": 0.008744621276855468
        }
    ],
    "12a": [
        {
            "analysis_time": 1.5003540936638327e-05,