{"analysis_time": 9.860311235700334e-06, "encoding_time": 0.12181428500584193, "inference_time": 0.009573442595345634, "sql_id": "6f", "_timestamp": 1700893995.250592, "_runtime": 62.82712507247925, "_step": 22}