{"analysis_time": 1.01470947265625e-05, "encoding_time": 0.1291682243347168, "inference_time": 0.006752405166625976, "sql_id": "32b", "_timestamp": 1700832712.4383218, "_runtime": 5550.5921268463135, "_step": 92}