{"analysis_time": 3.7104688858017106e-05, "encoding_time": 0.653290994221675, "inference_time": 0.007137713748943226, "sql_id": "28c", "_timestamp": 1700906568.7026405, "_runtime": 9980.186531543732, "_step": 98}