{"analysis_time": 4.24943901266168e-05, "encoding_time": 1.052360260569305, "inference_time": 0.055866519925143014, "sql_id": "28b", "_timestamp": 1700908456.540401, "_runtime": 14445.637341976166, "_step": 97}