{"analysis_time": 1.3956287563247169e-05, "encoding_time": 0.19221024385234653, "inference_time": 0.008168263723386214, "sql_id": "23a", "_timestamp": 1700814632.155931, "_runtime": 1458.5612790584564, "_step": 82}