{"analysis_time": 1.122437271417356e-05, "encoding_time": 0.13624976195541083, "inference_time": 0.006813397594526702, "sql_id": "23c", "_timestamp": 1700812878.266557, "_runtime": 912.8825030326843, "_step": 84}