{"analysis_time": 1.018524169921875e-05, "encoding_time": 0.12440916061401368, "inference_time": 0.0070273208618164065, "sql_id": "32b", "_timestamp": 1700821177.7886693, "_runtime": 5843.562384366989, "_step": 92}