{"analysis_time": 4.458805496321679e-05, "encoding_time": 1.1382879994669328, "inference_time": 0.032880429706441165, "sql_id": "28c", "_timestamp": 1700901400.3532627, "_runtime": 16960.959644556046, "_step": 98}