{"analysis_time": 1.0614395141601563e-05, "encoding_time": 0.16284165382385254, "inference_time": 0.006953487396240235, "sql_id": "32b", "_timestamp": 1700810920.960075, "_runtime": 1033.7851099967957, "_step": 92}