{"analysis_time": 4.291132727510511e-05, "encoding_time": 0.7224309755151407, "inference_time": 0.007591104247525142, "sql_id": "28c", "_timestamp": 1700885835.473037, "_runtime": 9046.80908703804, "_step": 98}