{"analysis_time": 1.2261526925223215e-05, "encoding_time": 0.13980627059936523, "inference_time": 0.009538514273507255, "sql_id": "1a", "_timestamp": 1700826768.4537413, "_runtime": 73.42407321929932, "_step": 0}