{"analysis_time": 0.0002968470255533854, "encoding_time": 0.19225475629170735, "inference_time": 0.008246774673461915, "sql_id": "16b", "_timestamp": 1700809641.392102, "_runtime": 536.5713949203491, "_step": 56}