{"analysis_time": 0.0002935103007725307, "encoding_time": 0.15189579554966517, "inference_time": 0.006229264395577567, "_timestamp": 1700808543.6680064, "_runtime": 46.733532428741455, "_step": 16}