{"analysis_time": 1.805436377431832e-05, "encoding_time": 0.21337511960197897, "inference_time": 0.00995639726227405, "sql_id": "8c", "_timestamp": 1700884428.435327, "_runtime": 165.41879415512085, "_step": 28}